<?xml version="1.0" encoding="ISO-8859-1"?>
<StyledLayerDescriptor version="1.0.0" xsi:schemaLocation="http://www.opengis.net/sld StyledLayerDescriptor.xsd" xmlns="http://www.opengis.net/sld" xmlns:ogc="http://www.opengis.net/ogc" xmlns:xlink="http://www.w3.org/1999/xlink" xmlns:xsi="http://www.w3.org/2001/XMLSchema-instance">
  <NamedLayer>
    <Name>CountriesHatching</Name>
    <UserStyle>
      <Title>Geoserver Beginners Guide: Countries with hatching</Title>
      <FeatureTypeStyle>
        <Rule>
          <PolygonSymbolizer>
            <Fill>
              <GraphicFill>
                <Graphic>
                  <Mark>
                    <WellKnownName>shape://dot</WellKnownName>
                    <Stroke>
                      <CssParameter name="stroke">#29A6A6</CssParameter>
                      <CssParameter name="stroke-width">3</CssParameter>
                    </Stroke>
                  </Mark>
                  <Size>16</Size>
                </Graphic>
              </GraphicFill>
            </Fill>
            <Stroke>
              <CssParameter name="stroke">#A52A2A</CssParameter>
              <CssParameter name="stroke-width">2</CssParameter>
            </Stroke>
          </PolygonSymbolizer>
        </Rule>
      </FeatureTypeStyle>
    </UserStyle>
  </NamedLayer>
</StyledLayerDescriptor>