<?xml version="1.0" encoding="ISO-8859-1"?>
<StyledLayerDescriptor version="1.0.0" xsi:schemaLocation="http://www.opengis.net/sld StyledLayerDescriptor.xsd" xmlns="http://www.opengis.net/sld" xmlns:ogc="http://www.opengis.net/ogc" xmlns:xlink="http://www.w3.org/1999/xlink" xmlns:xsi="http://www.w3.org/2001/XMLSchema-instance">
  <NamedLayer>
    <Name>PopulatedPlacesLabeled</Name>
    <UserStyle>
      <Title>Geoserver Beginners Guide: Populated Places with styled labels</Title>
      <FeatureTypeStyle>
        <Rule>
          <PointSymbolizer>
            <Graphic>
              <Mark>
                <WellKnownName>circle</WellKnownName>
                <Fill>
                  <CssParameter name="fill">#FF0000</CssParameter>
                </Fill>
                <Stroke>
                  <CssParameter name="stroke">#000000</CssParameter>
                  <CssParameter name="stroke-width">1</CssParameter>
                </Stroke>
              </Mark>
              <Size>8</Size>
            </Graphic>
          </PointSymbolizer>
          <TextSymbolizer>
            <Label>
              <ogc:PropertyName>NAME</ogc:PropertyName>
            </Label>
            <Font>
              <CssParameter name="font-family">Arial</CssParameter>
              <CssParameter name="font-size">12</CssParameter>
              <CssParameter name="font-style">normal</CssParameter>
              <CssParameter name="font-weight">italyc</CssParameter>
            </Font>
            <LabelPlacement>
              <PointPlacement>
                <AnchorPoint>
                  <AnchorPointX>0</AnchorPointX>
                  <AnchorPointY>0</AnchorPointY>
                </AnchorPoint>
                <Displacement>
                  <DisplacementX>2</DisplacementX>
                  <DisplacementY>5</DisplacementY>
                </Displacement>
              </PointPlacement>
            </LabelPlacement>
            <Fill>
              <CssParameter name="fill">#000000</CssParameter>
            </Fill>
          </TextSymbolizer>
        </Rule>
      </FeatureTypeStyle>
    </UserStyle>
  </NamedLayer>
</StyledLayerDescriptor>