<?xml version="1.0" encoding="ISO-8859-1"?>
<StyledLayerDescriptor version="1.0.0"  xsi:schemaLocation="http://www.opengis.net/sld StyledLayerDescriptor.xsd"  xmlns="http://www.opengis.net/sld"  xmlns:ogc="http://www.opengis.net/ogc"  xmlns:xlink="http://www.w3.org/1999/xlink"  xmlns:xsi="http://www.w3.org/2001/XMLSchema-instance">
  <NamedLayer>
    <Name>PopulatedPlacesGraphic</Name>
    <UserStyle>
      <Title>Geoserver Beginners Guide: Populated Places with external graphics</Title>
      <FeatureTypeStyle>
        <Rule>
          <PointSymbolizer>
            <Graphic>
              <ExternalGraphic>
                <OnlineResource xlink:type="simple" xlink:href="town.svg" />
                <Format>image/svg+xml</Format>
              </ExternalGraphic>
              <Size>20</Size>
            </Graphic>
          </PointSymbolizer>
        </Rule>
      </FeatureTypeStyle>
    </UserStyle>
  </NamedLayer>
</StyledLayerDescriptor>