<?xml version="1.0" encoding="ISO-8859-1"?>
<StyledLayerDescriptor version="1.0.0" xsi:schemaLocation="http://www.opengis.net/sld StyledLayerDescriptor.xsd" xmlns="http://www.opengis.net/sld" xmlns:ogc="http://www.opengis.net/ogc" xmlns:xlink="http://www.w3.org/1999/xlink" xmlns:xsi="http://www.w3.org/2001/XMLSchema-instance">
  <NamedLayer>
    <Name>RoadsLabeled</Name>
    <UserStyle>
      <Title>Geoserver Beginners Guide: Roads with labels along the line</Title>
      <FeatureTypeStyle>
        <Rule>
          <LineSymbolizer>
            <Stroke>
              <CssParameter name="stroke">#000000</CssParameter>
              <CssParameter name="stroke-width">4</CssParameter>
            </Stroke>
          </LineSymbolizer>
          <LineSymbolizer>
            <Stroke>
              <CssParameter name="stroke">#FF0000</CssParameter>
              <CssParameter name="stroke-width">2</CssParameter>
            </Stroke>
          </LineSymbolizer>
          <TextSymbolizer>
            <Label>
              <ogc:PropertyName>label</ogc:PropertyName>
            </Label>
            <LabelPlacement>
              <LinePlacement>
                <PerpendicularOffset>10</PerpendicularOffset>
              </LinePlacement>
            </LabelPlacement>
            <Fill>
              <CssParameter name="fill">#000000</CssParameter>
            </Fill>
            <VendorOption name="maxAngleDelta">90</VendorOption>
            <VendorOption name="maxDisplacement">400</VendorOption>
            <VendorOption name="repeat">300</VendorOption>
          </TextSymbolizer>
        </Rule>
      </FeatureTypeStyle>
    </UserStyle>
  </NamedLayer>
</StyledLayerDescriptor>      