<dataStore>
  <name>Natural Earth Roads</name>
  <description>Natural Earth roads created from REST</description>
  <type>Shapefile</type>
  <enabled>true</enabled>
  <connectionParameters>
    <entry key="memory mapped buffer">false</entry>
    <entry key="create spatial index">true</entry>
    <entry key="charset">ISO-8859-1</entry>
    <entry key="filetype">shapefile</entry>
    <entry key="cache and reuse memory maps">true</entry>
    <entry key="url">file://C:\opt\Data\ne_10m_roads.shp</entry>
    <entry key="namespace">https://www.packtpub.com/</entry>
  </connectionParameters>
  <__default>false</__default>
</dataStore>