<featureType>
  <name>worldrivers</name>
  <nativeName>worldrivers</nativeName>
  <title>World Rivers</title>
  <srs>EPSG:4326</srs>
  <attributes>
    <attribute>
      <name>geom</name>
      <binding>com.vividsolutions.jts.geom.MultiLineString</binding>
    </attribute>
    <attribute>
      <name>name</name>
      <binding>java.lang.String</binding>
      <length>30</length>
    </attribute>
    <attribute>
      <name>country_code</name>
      <binding>java.lang.String</binding>
      <length>8</length>
    </attribute>
  </attributes>
</featureType>